<?xml version="1.0" encoding="UTF-8"?>

<mule xmlns:db="http://www.mulesoft.org/schema/mule/db" xmlns="http://www.mulesoft.org/schema/mule/core"
	xmlns:doc="http://www.mulesoft.org/schema/mule/documentation"
	xmlns:xsi="http://www.w3.org/2001/XMLSchema-instance" xsi:schemaLocation="http://www.mulesoft.org/schema/mule/core http://www.mulesoft.org/schema/mule/core/current/mule.xsd
http://www.mulesoft.org/schema/mule/db http://www.mulesoft.org/schema/mule/db/current/mule-db.xsd">
	<db:config name="Database_Config" doc:name="Database Config" doc:id="60a830a0-1d3b-4f41-aa65-07900a23fd8e" >
		<db:my-sql-connection host="localhost" port="3306" user="root" database="employee" />
	</db:config>
	<sub-flow name="empFlow2" doc:id="2f458c16-c4b9-4131-931f-b7c9ebd6d6bd" >
		<db:insert doc:name="Insert" doc:id="ec6a44cd-cdcb-47d9-b4c1-9e9bef9a5588" config-ref="Database_Config">
			<db:sql ><![CDATA[INSERT INTO employee(name,id,hours,age,city,email,project,manager) values (:name,:id,:hours,:age,:city,:email,:project,:manager)]]></db:sql>
			<db:input-parameters ><![CDATA[payload]]></db:input-parameters>
		</db:insert>
		<logger level="INFO" doc:name="Logger" doc:id="6e760eec-ed74-427a-b13a-98923aee7a1b" message="data is inserted"/>
	</sub-flow>
	<sub-flow name="empFlow1" doc:id="2d765a32-ece0-4129-9153-f1878e8812ce">
		<logger level="INFO" doc:name="Logger" doc:id="743e2193-6f72-4667-89aa-9305ea27fbef" message="payload" />
		<db:select doc:name="Select" doc:id="50f6d1f5-1fd6-43b7-bbc1-a8b7a2c817bd" config-ref="Database_Config">
			<db:sql><![CDATA[SELECT * FROM employee;]]></db:sql>
		</db:select>
		<logger level="INFO" doc:name="Logger" doc:id="ae19e95e-83d7-483e-9f40-3302c878b8b8" />
	</sub-flow>
	<sub-flow name="empFlow3" doc:id="426bc8ac-ff65-404d-8484-70c4fdcacc33" >
		<db:update doc:name="Update" doc:id="7f79cfb4-5d5f-4cf2-a49b-7c0c0a884d56" config-ref="Database_Config">
			<db:sql ><![CDATA[UPDATE employee SET
name=:name,
id=:id,
age=:age,
city=:city
email=:email,
project=:project,
manager=:manager]]></db:sql>
		</db:update>
		<logger level="INFO" doc:name="Logger" doc:id="eabd6cf0-9c25-463b-bf22-d1bd4d01ec98" message="data is updated"/>
	</sub-flow>
	<sub-flow name="empFlow4" doc:id="5667b423-29df-4508-9266-6b89605e20de" >
		<db:delete doc:name="Delete" doc:id="86b3b436-a765-4c5c-916f-08ecb5458eed" config-ref="Database_Config">
			<db:sql ><![CDATA[DELETE FROM employee WHERE id=:id]]></db:sql>
		</db:delete>
		<logger level="INFO" doc:name="Logger" doc:id="b887819d-6c71-40dc-ac79-1cf84636cf2f" message="data is deleted"/>
	</sub-flow>
</mule>
